{
  "bor\u00e5sv\u00e4gen 25, ulricehamn, 523 37": [
    13.40851,
    57.80379
  ],
  "centralv\u00e4gen 34, tr\u00e4det, 523 78": [
    13.539147,
    57.986563
  ],
  "dalagatan 10, lgh 6200-014, dalum": [
    13.464037,
    57.896741
  ],
  "dalgatan 10, ulricehamn, 523 37": [
    13.416505,
    57.800103
  ],
  "falk\u00f6pingsv\u00e4gen 10, ulricehamn": [
    13.42187,
    57.806679
  ],
  "f\u00e4nneslunda 110, h\u00f6kerum, 523 99": [
    13.15717,
    57.86532
  ],
  "f\u00e4nneslunda 115, h\u00f6kerum, 523 99": [
    13.156743,
    57.865174
  ],
  "gullered 160, ulricehamn, 523 97": [
    13.604969,
    57.801
  ],
  "gunnarsg\u00e5rdsv\u00e4gen 6 , timmele, 523 72": [
    13.427233,
    57.859146
  ],
  "hillaredsv\u00e4gen 10, ulricehamn, 523 21": [
    13.442491,
    57.80176
  ],
  "hillaredsv\u00e4gen 12, ulricehamn, 523 38": [
    13.442746,
    57.800638
  ],
  "industrigatan 5, tranemo": [
    13.338114,
    57.495476
  ],
  "industriv\u00e4gen 23, ulricehman, 523 24": [
    13.529146,
    55.713755
  ],
  "industriv\u00e4gen 32, ulricehamn, 52390": [
    13.42441,
    57.839137
  ],
  "j\u00e4rnv\u00e4gstorget 4, ulricehamn, 523 30": [
    13.41319,
    57.793482
  ],
  "j\u00f6nk\u00f6pings v\u00e4gen 40, ulricehamn, 523 36": [
    14.145192,
    57.838326
  ],
  "j\u00f6nk\u00f6pingsv\u00e4gen 53, ulricehamn, 523 36": [
    13.429959,
    57.802422
  ],
  "karlsdal vegby, vegby": [
    13.393266,
    57.676304
  ],
  "lind\u00e4ngsv\u00e4gen 7 , v\u00e5n 3, ulricehamn, 523 36": [
    13.416115,
    57.795792
  ],
  "lind\u00e4ngsv\u00e4gen 7, ulricehamn, 523 36": [
    13.416115,
    57.795792
  ],
  "ljungsarpsv\u00e4gen 19, dalstorp, 514 06": [
    13.536472,
    57.596893
  ],
  "nillasv\u00e4g 1a, ulricehamn, 523 39": [
    13.423264,
    57.798805
  ],
  "norra kullagatan 4, v\u00e5n 2, lgh 1102, ulricehamn, 523 44": [
    13.413617,
    57.794907
  ],
  "nyboholmsv\u00e4gen 8": [
    15.514181,
    57.410325
  ],
  "nygatan 36, ulricehamn, 523 34": [
    13.414597,
    57.789763
  ],
  "riksv\u00e4g 46, timmele": [
    16.735298,
    58.742192
  ],
  "r\u00f6nn\u00e5sgatan 3a, ulricehamn, 523 38": [
    13.457927,
    57.805733
  ],
  "r\u00f6nn\u00e5sliden 4, ulricehamn, 523 38": [
    13.462739,
    57.801155
  ],
  "storgatan 55, ulricehamn, 523 30": [
    13.409293,
    57.788507
  ],
  "storgatan 69 ,523 31 ulricehamn, sweden": [
    13.40791,
    57.786057
  ],
  "storgatan 69, ulricehamn": [
    13.40791,
    57.786057
  ],
  "storgatan 69, ulricehamn, 52331": [
    13.40791,
    57.786057
  ],
  "storgatan 8, ulricehamn, 523 30": [
    13.413991,
    57.793578
  ],
  "strandgatan 30, ulricehamn, 52330": [
    13.409727,
    57.789696
  ],
  "strandgatan 42, ulricehamn, 523 31": [
    13.407778,
    57.788052
  ],
  "strandv\u00e4gen 10, vegby, 523 62": [
    13.382802,
    57.679894
  ],
  "stures gr\u00e4nd 1, lgh 1701, ulricehamn, 523 44": [
    13.413323,
    57.794319
  ],
  "verkstadsv\u00e4gen 1, dalstorp, 514 63": [
    13.526277,
    57.5993
  ],
  "verkstadsv\u00e4gen 4, dalstorp, 51463": [
    13.526416,
    57.600581
  ],
  "vistaforsv\u00e4gen 4, ulricehamn": [
    13.410631,
    57.816087
  ]
}